packageId,packageName,slug,stateOrRegion,tourismType,durationDays,startingPoint,endingPoint,image
"BY-AN-001","Andaman Islands Paradise & Heritage Circuit","andaman-islands-paradise-circuit","Andaman & Nicobar","Island & Coastal Heritage","7","Sri Vijaya Puram (Port Blair)","Sri Vijaya Puram (Port Blair)","/images/packages/andaman-islands-paradise-circuit.webp"
"BY-AP-002","Visakhapatnam & Araku Valley Eco-Trail","araku-vizag-eco-trail","Andhra Pradesh","Hills & Coastal Nature","5","Visakhapatnam","Visakhapatnam","/images/packages/araku-vizag-eco-trail.webp"
"BY-AP-003","Rayalaseema Heritage & Tirupati Pilgrimage Circuit","tirupati-rayalaseema-spiritual-circuit","Andhra Pradesh","Spiritual & Heritage","6","Tirupati","Vijayawada","/images/packages/tirupati-rayalaseema-spiritual-circuit.webp"
"BY-AP-004","Arunachal Pradesh Sunrise & Heritage Circuit 1","arunachal-pradesh-circuit-1","Arunachal Pradesh","Sunrise","11","Anjaw","East Siang","/images/packages/arunachal-pradesh-circuit-1.webp"
"BY-AP-005","Arunachal Pradesh Nature/Culture & Heritage Circuit 2","arunachal-pradesh-circuit-2","Arunachal Pradesh","Nature/Culture","11","Leparada","Pakke-Kessang","/images/packages/arunachal-pradesh-circuit-2.webp"
"BY-AP-006","Arunachal Pradesh Wildlife & Heritage Circuit 3","arunachal-pradesh-circuit-3","Arunachal Pradesh","Wildlife","11","Pakke-Kessang","Tawang","/images/packages/arunachal-pradesh-circuit-3.webp"
"BY-AP-007","Arunachal Pradesh Hills/Spiritual & Heritage Circuit 4","arunachal-pradesh-circuit-4","Arunachal Pradesh","Hills/Spiritual","10","Tawang","West Siang","/images/packages/arunachal-pradesh-circuit-4.webp"
"BY-AS-008","Assam Wildlife & Heritage Circuit 1","assam-circuit-1","Assam","Wildlife","11","Baksa","Guwahati","/images/packages/assam-circuit-1.webp"
"BY-AS-009","Assam Spiritual & Heritage Circuit 2","assam-circuit-2","Assam","Spiritual","11","Guwahati","Jorhat","/images/packages/assam-circuit-2.webp"
"BY-AS-010","Assam Tea/Culture & Heritage Circuit 3","assam-circuit-3","Assam","Tea/Culture","11","Jorhat","Majuli","/images/packages/assam-circuit-3.webp"
"BY-AS-011","Assam Culture & Heritage Circuit 4","assam-circuit-4","Assam","Culture","8","Majuli","Tinsukia","/images/packages/assam-circuit-4.webp"
"BY-BI-012","Bihar Spiritual/Nature & Heritage Circuit 1","bihar-circuit-1","Bihar","Spiritual/Nature","9","Banka","Jehanabad","/images/packages/bihar-circuit-1.webp"
"BY-BI-013","Bihar Culture & Heritage Circuit 2","bihar-circuit-2","Bihar","Culture","9","Madhubani","Nalanda","/images/packages/bihar-circuit-2.webp"
"BY-BI-014","Bihar Waterfall & Heritage Circuit 3","bihar-circuit-3","Bihar","Waterfall","9","Nawada","Rajgir","/images/packages/bihar-circuit-3.webp"
"BY-BI-015","Bihar Heritage & Heritage Circuit 4","bihar-circuit-4","Bihar","Heritage","7","Rohtas","West Champaran","/images/packages/bihar-circuit-4.webp"
"BY-CH-016","Chandigarh Architecture & Heritage Circuit 1","chandigarh-circuit-1","Chandigarh","Architecture","8","Chandigarh","Chandigarh","/images/packages/chandigarh-circuit-1.webp"
"BY-CH-017","Chhattisgarh Wildlife & Heritage Circuit 1","chhattisgarh-circuit-1","Chhattisgarh","Wildlife","8","Baloda Bazar","Bastar","/images/packages/chhattisgarh-circuit-1.webp"
"BY-CH-018","Chhattisgarh Waterfall & Heritage Circuit 2","chhattisgarh-circuit-2","Chhattisgarh","Waterfall","8","Bastar","Bilaspur","/images/packages/chhattisgarh-circuit-2.webp"
"BY-CH-019","Chhattisgarh Archaeology & Heritage Circuit 3","chhattisgarh-circuit-3","Chhattisgarh","Archaeology","8","Bilaspur","Mahasamund","/images/packages/chhattisgarh-circuit-3.webp"
"BY-CH-020","Chhattisgarh Heritage & Heritage Circuit 4","chhattisgarh-circuit-4","Chhattisgarh","Heritage","5","Mahasamund","Surguja","/images/packages/chhattisgarh-circuit-4.webp"
"BY-D&-021","Dadra & Nagar Haveli and Daman & Diu Nature & Heritage Circuit 1","dadra-nagar-haveli-and-daman-diu-circuit-1","Dadra & Nagar Haveli and Daman & Diu","Nature","12","Dadra & Nagar Haveli","Silvassa","/images/packages/dadra-nagar-haveli-and-daman-diu-circuit-1.webp"
"BY-DE-022","Delhi Heritage & Heritage Circuit 1","delhi-circuit-1","Delhi","Heritage","11","Delhi","Delhi","/images/packages/delhi-circuit-1.webp"
"BY-DE-023","Delhi Nature/Heritage & Heritage Circuit 2","delhi-circuit-2","Delhi","Nature/Heritage","11","Delhi","Delhi","/images/packages/delhi-circuit-2.webp"
"BY-GO-024","Goa Beach & Heritage Circuit 1","goa-circuit-1","Goa","Beach","11","North Goa","North Goa","/images/packages/goa-circuit-1.webp"
"BY-GO-025","Goa Heritage & Heritage Circuit 2","goa-circuit-2","Goa","Heritage","11","North Goa","Old Goa","/images/packages/goa-circuit-2.webp"
"BY-GO-026","Goa Heritage & Heritage Circuit 3","goa-circuit-3","Goa","Heritage","11","Panaji","South Goa","/images/packages/goa-circuit-3.webp"
"BY-GO-027","Goa Wildlife & Heritage Circuit 4","goa-circuit-4","Goa","Wildlife","8","South Goa","South Goa","/images/packages/goa-circuit-4.webp"
"BY-GU-028","Gujarat Heritage/City & Heritage Circuit 1","gujarat-circuit-1","Gujarat","Heritage/City","25","Ahmedabad","Gandhinagar","/images/packages/gujarat-circuit-1.webp"
"BY-GU-029","Gujarat Heritage & Heritage Circuit 2","gujarat-circuit-2","Gujarat","Heritage","25","Gandhinagar","Kutch","/images/packages/gujarat-circuit-2.webp"
"BY-GU-030","Gujarat Spiritual & Heritage Circuit 3","gujarat-circuit-3","Gujarat","Spiritual","25","Kutch","Patan","/images/packages/gujarat-circuit-3.webp"
"BY-GU-031","Gujarat Heritage & Heritage Circuit 4","gujarat-circuit-4","Gujarat","Heritage","22","Patan","Valsad","/images/packages/gujarat-circuit-4.webp"
"BY-HA-032","Haryana City & Heritage Circuit 1","haryana-circuit-1","Haryana","City","7","Faridabad","Hisar","/images/packages/haryana-circuit-1.webp"
"BY-HA-033","Haryana Wildlife & Heritage Circuit 2","haryana-circuit-2","Haryana","Wildlife","7","Jhajjar","Panchkula","/images/packages/haryana-circuit-2.webp"
"BY-HA-034","Haryana Hills & Heritage Circuit 3","haryana-circuit-3","Haryana","Hills","7","Panchkula","Panchkula","/images/packages/haryana-circuit-3.webp"
"BY-HA-035","Haryana Heritage & Heritage Circuit 4","haryana-circuit-4","Haryana","Heritage","5","Panipat","Yamunanagar","/images/packages/haryana-circuit-4.webp"
"BY-HP-036","Himachal Pradesh Spiritual & Heritage Circuit 1","himachal-pradesh-circuit-1","Himachal Pradesh","Spiritual","14","Chamba","Kinnaur","/images/packages/himachal-pradesh-circuit-1.webp"
"BY-HP-037","Himachal Pradesh Mountains & Heritage Circuit 2","himachal-pradesh-circuit-2","Himachal Pradesh","Mountains","14","Kinnaur","Kullu","/images/packages/himachal-pradesh-circuit-2.webp"
"BY-HP-038","Himachal Pradesh Mountains & Heritage Circuit 3","himachal-pradesh-circuit-3","Himachal Pradesh","Mountains","14","Kullu","Mandi","/images/packages/himachal-pradesh-circuit-3.webp"
"BY-HP-039","Himachal Pradesh Nature & Heritage Circuit 4","himachal-pradesh-circuit-4","Himachal Pradesh","Nature","13","Mandi","Solan","/images/packages/himachal-pradesh-circuit-4.webp"
"BY-J&-040","Jammu & Kashmir City/Nature & Heritage Circuit 1","jammu-kashmir-circuit-1","Jammu & Kashmir","City/Nature","7","Anantnag","Budgam","/images/packages/jammu-kashmir-circuit-1.webp"
"BY-J&-041","Jammu & Kashmir Hills & Heritage Circuit 2","jammu-kashmir-circuit-2","Jammu & Kashmir","Hills","7","Doda","Jammu","/images/packages/jammu-kashmir-circuit-2.webp"
"BY-J&-042","Jammu & Kashmir Heritage & Heritage Circuit 3","jammu-kashmir-circuit-3","Jammu & Kashmir","Heritage","7","Jammu","Ramban","/images/packages/jammu-kashmir-circuit-3.webp"
"BY-J&-043","Jammu & Kashmir Spiritual & Heritage Circuit 4","jammu-kashmir-circuit-4","Jammu & Kashmir","Spiritual","6","Reasi","Udhampur","/images/packages/jammu-kashmir-circuit-4.webp"
"BY-JH-044","Jharkhand Spiritual & Heritage Circuit 1","jharkhand-circuit-1","Jharkhand","Spiritual","11","Deoghar","Latehar","/images/packages/jharkhand-circuit-1.webp"
"BY-JH-045","Jharkhand Wildlife & Heritage Circuit 2","jharkhand-circuit-2","Jharkhand","Wildlife","10","Latehar","Seraikela-Kharsawan","/images/packages/jharkhand-circuit-2.webp"
"BY-KA-046","Karnataka Heritage & Heritage Circuit 1","karnataka-circuit-1","Karnataka","Heritage","13","Bagalkot","Chamarajanagar","/images/packages/karnataka-circuit-1.webp"
"BY-KA-047","Karnataka Wildlife & Heritage Circuit 2","karnataka-circuit-2","Karnataka","Wildlife","13","Chamarajanagar","Kalaburagi","/images/packages/karnataka-circuit-2.webp"
"BY-KA-048","Karnataka Hills & Heritage Circuit 3","karnataka-circuit-3","Karnataka","Hills","13","Kodagu","Udupi","/images/packages/karnataka-circuit-3.webp"
"BY-KA-049","Karnataka Adventure/Nature & Heritage Circuit 4","karnataka-circuit-4","Karnataka","Adventure/Nature","12","Uttara Kannada","Vijayapura","/images/packages/karnataka-circuit-4.webp"
"BY-KE-050","Kerala Backwaters & Heritage Circuit 1","kerala-circuit-1","Kerala","Backwaters","12","Alappuzha","Kannur","/images/packages/kerala-circuit-1.webp"
"BY-KE-051","Kerala Beach & Heritage Circuit 2","kerala-circuit-2","Kerala","Beach","12","Kannur","Kottayam","/images/packages/kerala-circuit-2.webp"
"BY-KE-052","Kerala Coastal/Culture & Heritage Circuit 3","kerala-circuit-3","Kerala","Coastal/Culture","12","Kozhikode","Thiruvananthapuram","/images/packages/kerala-circuit-3.webp"
"BY-KE-053","Kerala Hills & Heritage Circuit 4","kerala-circuit-4","Kerala","Hills","12","Thiruvananthapuram","Wayanad","/images/packages/kerala-circuit-4.webp"
"BY-LA-054","Ladakh Astronomy & Heritage Circuit 1","ladakh-circuit-1","Ladakh","Astronomy","9","Hanle","Kargil","/images/packages/ladakh-circuit-1.webp"
"BY-LA-055","Ladakh Heritage & Heritage Circuit 2","ladakh-circuit-2","Ladakh","Heritage","9","Leh","Leh","/images/packages/ladakh-circuit-2.webp"
"BY-LA-056","Ladakh Mountains & Heritage Circuit 3","ladakh-circuit-3","Ladakh","Mountains","9","Leh","Leh","/images/packages/ladakh-circuit-3.webp"
"BY-LA-057","Ladakh Heritage & Heritage Circuit 4","ladakh-circuit-4","Ladakh","Heritage","9","Leh","Leh","/images/packages/ladakh-circuit-4.webp"
"BY-LA-058","Lakshadweep Island/Beach & Heritage Circuit 1","lakshadweep-circuit-1","Lakshadweep","Island/Beach","8","Lakshadweep","Lakshadweep","/images/packages/lakshadweep-circuit-1.webp"
"BY-MP-059","Madhya Pradesh Spiritual/Nature & Heritage Circuit 1","madhya-pradesh-circuit-1","Madhya Pradesh","Spiritual/Nature","11","Anuppur","Gwalior","/images/packages/madhya-pradesh-circuit-1.webp"
"BY-MP-060","Madhya Pradesh City/Food & Heritage Circuit 2","madhya-pradesh-circuit-2","Madhya Pradesh","City/Food","11","Indore","Morena","/images/packages/madhya-pradesh-circuit-2.webp"
"BY-MP-061","Madhya Pradesh Heritage/Wildlife & Heritage Circuit 3","madhya-pradesh-circuit-3","Madhya Pradesh","Heritage/Wildlife","11","Morena","Raisen","/images/packages/madhya-pradesh-circuit-3.webp"
"BY-MP-062","Madhya Pradesh Heritage & Heritage Circuit 4","madhya-pradesh-circuit-4","Madhya Pradesh","Heritage","10","Raisen","Umaria","/images/packages/madhya-pradesh-circuit-4.webp"
"BY-MA-063","Maharashtra Nature & Heritage Circuit 1","maharashtra-circuit-1","Maharashtra","Nature","16","Ahmednagar","Jalgaon","/images/packages/maharashtra-circuit-1.webp"
"BY-MA-064","Maharashtra Heritage/Spiritual & Heritage Circuit 2","maharashtra-circuit-2","Maharashtra","Heritage/Spiritual","16","Kolhapur","Pune","/images/packages/maharashtra-circuit-2.webp"
"BY-MA-065","Maharashtra Hills & Heritage Circuit 3","maharashtra-circuit-3","Maharashtra","Hills","16","Pune","Raigad","/images/packages/maharashtra-circuit-3.webp"
"BY-MA-066","Maharashtra Beach & Heritage Circuit 4","maharashtra-circuit-4","Maharashtra","Beach","16","Raigad","Wardha","/images/packages/maharashtra-circuit-4.webp"
"BY-MA-067","Manipur Wildlife & Heritage Circuit 1","manipur-circuit-1","Manipur","Wildlife","10","Bishnupur","Ukhrul","/images/packages/manipur-circuit-1.webp"
"BY-ME-068","Meghalaya Nature & Heritage Circuit 1","meghalaya-circuit-1","Meghalaya","Nature","8","East Khasi Hills","East Khasi Hills","/images/packages/meghalaya-circuit-1.webp"
"BY-ME-069","Meghalaya Waterfall & Heritage Circuit 2","meghalaya-circuit-2","Meghalaya","Waterfall","8","East Khasi Hills","Shillong","/images/packages/meghalaya-circuit-2.webp"
"BY-ME-070","Meghalaya Waterfall & Heritage Circuit 3","meghalaya-circuit-3","Meghalaya","Waterfall","8","Shillong","Sohra","/images/packages/meghalaya-circuit-3.webp"
"BY-ME-071","Meghalaya Wildlife & Heritage Circuit 4","meghalaya-circuit-4","Meghalaya","Wildlife","6","West Garo Hills","West Jaintia Hills","/images/packages/meghalaya-circuit-4.webp"
"BY-MI-072","Mizoram City/Hills & Heritage Circuit 1","mizoram-circuit-1","Mizoram","City/Hills","12","Aizawl","Serchhip","/images/packages/mizoram-circuit-1.webp"
"BY-NA-073","Nagaland Heritage & Heritage Circuit 1","nagaland-circuit-1","Nagaland","Heritage","12","Dimapur","Wokha","/images/packages/nagaland-circuit-1.webp"
"BY-OD-074","Odisha Wildlife & Heritage Circuit 1","odisha-circuit-1","Odisha","Wildlife","7","Angul","Kendrapara","/images/packages/odisha-circuit-1.webp"
"BY-OD-075","Odisha Wildlife & Heritage Circuit 2","odisha-circuit-2","Odisha","Wildlife","7","Kendrapara","Koraput","/images/packages/odisha-circuit-2.webp"
"BY-OD-076","Odisha Hills & Heritage Circuit 3","odisha-circuit-3","Odisha","Hills","7","Koraput","Puri","/images/packages/odisha-circuit-3.webp"
"BY-OD-077","Odisha Culture & Heritage Circuit 4","odisha-circuit-4","Odisha","Culture","5","Puri","Sambalpur","/images/packages/odisha-circuit-4.webp"
"BY-PU-078","Puducherry Coastal & Heritage Circuit 1","puducherry-circuit-1","Puducherry","Coastal","7","Karaikal","Puducherry","/images/packages/puducherry-circuit-1.webp"
"BY-PU-079","Puducherry Coastal/Heritage & Heritage Circuit 2","puducherry-circuit-2","Puducherry","Coastal/Heritage","6","Puducherry","Villupuram","/images/packages/puducherry-circuit-2.webp"
"BY-PU-080","Punjab Heritage/Spiritual & Heritage Circuit 1","punjab-circuit-1","Punjab","Heritage/Spiritual","7","Amritsar","Amritsar","/images/packages/punjab-circuit-1.webp"
"BY-PU-081","Punjab Heritage & Heritage Circuit 2","punjab-circuit-2","Punjab","Heritage","7","Bathinda","Gurdaspur","/images/packages/punjab-circuit-2.webp"
"BY-PU-082","Punjab City & Heritage Circuit 3","punjab-circuit-3","Punjab","City","7","Jalandhar","Pathankot","/images/packages/punjab-circuit-3.webp"
"BY-PU-083","Punjab Heritage & Heritage Circuit 4","punjab-circuit-4","Punjab","Heritage","5","Patiala","Tarn Taran","/images/packages/punjab-circuit-4.webp"
"BY-RA-084","Rajasthan Spiritual & Heritage Circuit 1","rajasthan-circuit-1","Rajasthan","Spiritual","11","Ajmer","Bharatpur","/images/packages/rajasthan-circuit-1.webp"
"BY-RA-085","Rajasthan Heritage/Desert & Heritage Circuit 2","rajasthan-circuit-2","Rajasthan","Heritage/Desert","11","Bikaner","Jaipur","/images/packages/rajasthan-circuit-2.webp"
"BY-RA-086","Rajasthan Wildlife & Heritage Circuit 3","rajasthan-circuit-3","Rajasthan","Wildlife","11","Jaisalmer","Nagaur","/images/packages/rajasthan-circuit-3.webp"
"BY-RA-087","Rajasthan Heritage & Heritage Circuit 4","rajasthan-circuit-4","Rajasthan","Heritage","8","Nagaur","Udaipur","/images/packages/rajasthan-circuit-4.webp"
"BY-SI-088","Sikkim Mountains & Heritage Circuit 1","sikkim-circuit-1","Sikkim","Mountains","11","East Sikkim","Gyalshing","/images/packages/sikkim-circuit-1.webp"
"BY-SI-089","Sikkim Heritage & Heritage Circuit 2","sikkim-circuit-2","Sikkim","Heritage","10","Gyalshing","Pakyong","/images/packages/sikkim-circuit-2.webp"
"BY-TN-090","Tamil Nadu Heritage & Heritage Circuit 1","tamil-nadu-circuit-1","Tamil Nadu","Heritage","10","Ariyalur","Dindigul","/images/packages/tamil-nadu-circuit-1.webp"
"BY-TN-091","Tamil Nadu Spiritual/Heritage & Heritage Circuit 2","tamil-nadu-circuit-2","Tamil Nadu","Spiritual/Heritage","10","Kanchipuram","Nilgiris","/images/packages/tamil-nadu-circuit-2.webp"
"BY-TN-092","Tamil Nadu Wildlife & Heritage Circuit 3","tamil-nadu-circuit-3","Tamil Nadu","Wildlife","10","Nilgiris","Sivaganga","/images/packages/tamil-nadu-circuit-3.webp"
"BY-TN-093","Tamil Nadu Waterfall & Heritage Circuit 4","tamil-nadu-circuit-4","Tamil Nadu","Waterfall","8","Tenkasi","Villupuram","/images/packages/tamil-nadu-circuit-4.webp"
"BY-TE-094","Telangana Spiritual & Heritage Circuit 1","telangana-circuit-1","Telangana","Spiritual","12","Bhadradri Kothagudem","Mulugu","/images/packages/telangana-circuit-1.webp"
"BY-TE-095","Telangana Nature & Heritage Circuit 2","telangana-circuit-2","Telangana","Nature","12","Nalgonda","Yadadri Bhuvanagiri","/images/packages/telangana-circuit-2.webp"
"BY-TR-096","Tripura Heritage & Heritage Circuit 1","tripura-circuit-1","Tripura","Heritage","11","Agartala","West Tripura","/images/packages/tripura-circuit-1.webp"
"BY-UP-097","Uttar Pradesh Heritage & Heritage Circuit 1","uttar-pradesh-circuit-1","Uttar Pradesh","Heritage","12","Agra","Bareilly","/images/packages/uttar-pradesh-circuit-1.webp"
"BY-UP-098","Uttar Pradesh Spiritual & Heritage Circuit 2","uttar-pradesh-circuit-2","Uttar Pradesh","Spiritual","12","Chitrakoot","Kushinagar","/images/packages/uttar-pradesh-circuit-2.webp"
"BY-UP-099","Uttar Pradesh Wildlife & Heritage Circuit 3","uttar-pradesh-circuit-3","Uttar Pradesh","Wildlife","12","Lakhimpur Kheri","Mathura","/images/packages/uttar-pradesh-circuit-3.webp"
"BY-UP-100","Uttar Pradesh Heritage & Heritage Circuit 4","uttar-pradesh-circuit-4","Uttar Pradesh","Heritage","12","Meerut","Varanasi","/images/packages/uttar-pradesh-circuit-4.webp"
"BY-UT-101","Uttarakhand Hills & Heritage Circuit 1","uttarakhand-circuit-1","Uttarakhand","Hills","10","Almora","Chamoli","/images/packages/uttarakhand-circuit-1.webp"
"BY-UT-102","Uttarakhand Wildlife & Heritage Circuit 2","uttarakhand-circuit-2","Uttarakhand","Wildlife","10","Chamoli","Nainital","/images/packages/uttarakhand-circuit-2.webp"
"BY-UT-103","Uttarakhand Lake/Hills & Heritage Circuit 3","uttarakhand-circuit-3","Uttarakhand","Lake/Hills","10","Nainital","Rudraprayag","/images/packages/uttarakhand-circuit-3.webp"
"BY-UT-104","Uttarakhand Hills & Heritage Circuit 4","uttarakhand-circuit-4","Uttarakhand","Hills","7","Tehri Garhwal","Uttarkashi","/images/packages/uttarakhand-circuit-4.webp"
"BY-WB-105","West Bengal Wildlife & Heritage Circuit 1","west-bengal-circuit-1","West Bengal","Wildlife","9","Alipurduar","Howrah","/images/packages/west-bengal-circuit-1.webp"
"BY-WB-106","West Bengal City/Heritage & Heritage Circuit 2","west-bengal-circuit-2","West Bengal","City/Heritage","9","Howrah","Kolkata","/images/packages/west-bengal-circuit-2.webp"
"BY-WB-107","West Bengal Museum & Heritage Circuit 3","west-bengal-circuit-3","West Bengal","Museum","9","Kolkata","Nadia","/images/packages/west-bengal-circuit-3.webp"
"BY-WB-108","West Bengal City/Heritage & Heritage Circuit 4","west-bengal-circuit-4","West Bengal","City/Heritage","6","Paschim Bardhaman","South 24 Parganas","/images/packages/west-bengal-circuit-4.webp"